{
	"class_name" : "PinholeCameraParameters",
	"extrinsic" : 
	[
		0.9705693936168085,
		0.064176916986856458,
		-0.23211285078677305,
		0.0,
		-0.048460027020615595,
		0.99616874054581184,
		0.072797432238593432,
		0.0,
		0.23589548099839008,
		-0.059406764643713195,
		0.96996090558285131,
		0.0,
		-2.6536729138096704,
		-1.778792141450539,
		0.98536317962538345,
		1.0
	],
	"intrinsic" : 
	{
		"height" : 1080,
		"intrinsic_matrix" : 
		[
			935.30743608719376,
			0.0,
			0.0,
			0.0,
			935.30743608719376,
			0.0,
			959.5,
			539.5,
			1.0
		],
		"width" : 1920
	},
	"version_major" : 1,
	"version_minor" : 0
}