{
	"class_name" : "PinholeCameraParameters",
	"extrinsic" : 
	[
		0.99753213574330601,
		0.068940341702278904,
		0.013299152054605931,
		0.0,
		-0.068994553435627146,
		0.99761031911574349,
		0.0036609821090887486,
		0.0,
		-0.013014981967597707,
		-0.0045695163592773718,
		0.99990486035653692,
		0.0,
		-2.2790284150904903,
		-1.8819676822304823,
		0.46085129606720276,
		1.0
	],
	"intrinsic" : 
	{
		"height" : 1080,
		"intrinsic_matrix" : 
		[
			935.30743608719376,
			0.0,
			0.0,
			0.0,
			935.30743608719376,
			0.0,
			959.5,
			539.5,
			1.0
		],
		"width" : 1920
	},
	"version_major" : 1,
	"version_minor" : 0
}