{
	"class_name" : "ViewTrajectory",
	"interval" : 29,
	"is_loop" : false,
	"trajectory" :
	[
		{
			"boundingbox_max" : [ 3.9660897254943848, 2.427476167678833, 2.55859375 ],
			"boundingbox_min" : [ 0.55859375, 0.83203125, 0.56663715839385986 ],
			"field_of_view" : 60.0,
			"front" : [ -0.16806354699163753, -0.73092252002407221, -0.6614430541582923 ],
			"lookat" : [ 2.6172, 2.0474999999999999, 1.532 ],
			"up" : [ 0.087040279689117012, -0.67936930057991196, 0.72861604644778555 ],
			"zoom" : 0.42120000000000007
		}
	],
	"version_major" : 1,
	"version_minor" : 0
}
